{"cameraMode":{"drawMode":0,"name":"Shaded","section":"Shading Mode"},"sceneLighting":true,"audioPlay":false,"sceneViewState":{"showFog":true,"showMaterialUpdate":false,"showSkybox":true,"showFlares":true,"showImageEffects":true,"showParticleSystems":true,"showVisualEffectGraphs":true,"m_FxEnabled":true},"in2DMode":false,"pivot":{"x":7.824258804321289,"y":70.53337097167969,"z":1.0295982360839844},"rotation":{"x":0.004520045593380928,"y":0.9796504378318787,"z":-0.1996062994003296,"w":0.022361591458320619},"size":163.45034790039063,"orthographic":false}