{"cameraMode":{"drawMode":0,"name":"Shaded","section":"Shading Mode"},"sceneLighting":false,"audioPlay":false,"sceneViewState":{"showFog":true,"showMaterialUpdate":false,"showSkybox":false,"showFlares":true,"showImageEffects":true,"showParticleSystems":true},"in2DMode":false,"pivot":{"x":5.960464477539063e-8,"y":0.673494279384613,"z":0.014411568641662598},"rotation":{"x":-0.03164702653884888,"y":0.09938287734985352,"z":-0.003161168424412608,"w":-0.9945469498634338},"size":1.856806755065918,"orthographic":false}