{"cameraMode":{"drawMode":0,"name":"Shaded","section":"Shading Mode"},"sceneLighting":true,"audioPlay":false,"sceneViewState":{"showFog":true,"showMaterialUpdate":false,"showSkybox":true,"showFlares":true,"showImageEffects":true,"showParticleSystems":true},"in2DMode":false,"pivot":{"x":105.89002990722656,"y":2.051968574523926,"z":5.884395599365234},"rotation":{"x":0.10456432402133942,"y":-0.5191622376441956,"z":0.06418102234601975,"w":0.8458256125450134},"size":64.29695129394531,"orthographic":true}